Название статьи,Время,Просмотры,Тэги
В Иране при атаке Израиля погибли двое военных,11:34,523,"['В мире', 'Иран', 'Израиль']"
"СМИ: Иран проинформировал Израиль, что не будет отвечать на его удары",11:33,2311,"['В мире', 'Иран', 'Израиль']"
"Трамп рассказал, как нужно работать в политике",11:23,501,"['В мире', 'США', 'Дональд Трамп', 'Джо Роган']"
"""Грузинская мечта"" заявила, что примет любые итоги выборов",11:15,860,"['В мире', 'Грузия']"
В пяти областях Украины объявили воздушную тревогу,11:14,328,"['В мире', 'Киев', 'Украина', 'Киевская область']"
Группа по выдвижению Лукашенко подала документы о регистрации в ЦИК,11:09,554,"['В мире', 'Белоруссия', 'Александр Лукашенко']"
"На Западе раскрыли, что произошло с Зеленским из-за краха ВСУ",11:03,7238,"['В мире', 'Украина', 'Россия', 'США', 'Владимир Зеленский', 'Вооруженные силы Украины', 'НАТО', 'Политика']"
СМИ: Франция и ФРГ выступили против обхода вето Венгрии на помощь Украине,10:48,6761,"['В мире', 'Украина', 'Венгрия', 'Франция', 'Жозеп Боррель', 'Виктор Орбан', 'Эммануэль Макрон', 'Евросоюз', 'НАТО']"
На севере Испании обрушилось здание,10:45,1251,"['В мире', 'Сантандер', 'Испания']"
Премьер Британии призвал Иран воздержаться от ответа на атаку Израиля,10:34,4027,"['В мире', 'Кир Стармер']"
"Голосуя за оппозицию, Грузия выберет войну, заявил Иванишвили",10:25,1593,"['В мире', 'Грузия', 'Россия', 'Бидзина Иванишвили']"
Саудовская Аравия и Оман осудили израильские удары по Ирану,10:21,3174,"['В мире', 'Саудовская Аравия', 'Оман', 'Иран']"
Ирак открыл воздушное пространство после израильской атаки на Иран,10:20,1647,"['В мире', 'Иран', 'Ирак']"
Трамп раскритиковал организацию вывода войск из Афганистана,10:15,2483,"['В мире', 'Афганистан', 'США', 'Дональд Трамп', 'Джо Роган', 'Джо Байден', 'ООН']"
"""На грани полного краха"". СМИ рассказали, что произошло в рядах ВСУ",10:11,6476,"['В мире', 'Киев', 'Россия', 'Украина', 'Вооруженные силы Украины', 'БРИКС', 'Политика']"
"Явка на выборах в Грузии за первые два часа составила 9,27 процента",10:01,1380,"['В мире', 'Грузия']"
"В Узбекистане ищут злоумышленников, обстрелявших внедорожник",09:55,20499,"['В мире', 'Украина', 'Ташкентская область', 'Узбекистан']"
"На избирательном участке в Грузии произошла драка <span class=""list-item__icon m-video""><span class=""list-item__icon-bg color-svg""><svg class=""svg-icon""><use xmlns:xlink=""http://www.w3.org/1999/xlink"" xlink:href=""#icon-play""></use></svg></span></span></a></div><div class=""list-item__info""><div class=""list-item__info-item"" data-type=""date"">09:48</div><div class=""list-item__info-item"" data-type=""views""><i><svg class=""svg-icon""><use xmlns:xlink=""http://www.w3.org/1999/xlink"" xlink:href=""#icon-views_small""></use></svg></i><span>2809</span></div></div><div class=""list-item__tags""><div class=""list-item__tags-more color-btn-active"">Еще <span></span></div><div class=""list-item__tags-list""><a href=""/world/"" class=""list-tag m-active color-border color-font color-svg m-add"" data-sid=""world""><span class=""list-tag__text"">В мире</span><span class=""list-tag__icon""><svg class=""svg-icon""><use xmlns:xlink=""http://www.w3.org/1999/xlink"" xlink:href=""#s_icon-s_plus_small""></use></svg></span></a><a href=""/location_Zugdidi/"" class=""list-tag m-add"" data-sid=""location_Zugdidi""><span class=""list-tag__text"">Зугдиди</span><span class=""list-tag__icon""><svg class=""svg-icon""><use xmlns:xlink=""http://www.w3.org/1999/xlink"" xlink:href=""#s_icon-s_plus_small""></use></svg></span></a><a href=""/location_Georgia/"" class=""list-tag m-add"" data-sid=""location_Georgia""><span class=""list-tag__text"">Грузия</span><span class=""list-tag__icon""><svg class=""svg-icon""><use xmlns:xlink=""http://www.w3.org/1999/xlink"" xlink:href=""#s_icon-s_plus_small""></use></svg></span></a><a href=""/location_rossiyskaya-federatsiya/"" class=""list-tag m-add"" data-sid=""location_rossiyskaya-federatsiya""><span class=""list-tag__text"">Россия</span><span class=""list-tag__icon""><svg class=""svg-icon""><use xmlns:xlink=""http://www.w3.org/1999/xlink"" xlink:href=""#s_icon-s_plus_small""></use></svg></span></a><a href=""/category_parlamentskie-vybory-v-gruzii--2024/"" class=""list-tag m-add"" data-sid=""category_parlamentskie-vybory-v-gruzii--2024""><span class=""list-tag__text"">Парламентские выборы в Грузии — 2024</span><span class=""list-tag__icon""><svg class=""svg-icon""><use xmlns:xlink=""http://www.w3.org/1999/xlink"" xlink:href=""#s_icon-s_plus_small""></use></svg></span></a></div></div></div><div class=""list-item"" data-type=""article"" data-view=""tags"" data-schema-position=""19""><span class=""schema_org"" itemprop=""itemListElement"" itemscope="""" itemtype=""http://schema.org/ListItem""><meta itemprop=""position"" content=""19""><a itemprop=""url"" href=""https://ria.ru/20241026/avstralija-1980228701.html"">",09:48,712,"['В мире', 'Зугдиди', 'Грузия', 'Россия']"
"На Западе раскрыли, на что Европа готова пойти ради конфликта на Украине",09:44,8102,"['В мире', 'Сидней']"
